data/fastqs/LCWG_Novoseq_LOSH_Plate1/LOSH_001_22N13583_S58_L004_R1_001.fastq.gz	@A00987:636:HC53KDSX7:4:1101:9182:1078
data/fastqs/LCWG_Novoseq_LOSH_Plate1/LOSH_001_22N13583_S58_L004_R2_001.fastq.gz	@A00987:636:HC53KDSX7:4:1101:9182:1078
data/fastqs/LCWG_Novoseq_LOSH_Plate1/LOSH_001_22N13584_S59_L004_R1_001.fastq.gz	@A00987:636:HC53KDSX7:4:1101:9561:1078
data/fastqs/LCWG_Novoseq_LOSH_Plate1/LOSH_001_22N13584_S59_L004_R2_001.fastq.gz	@A00987:636:HC53KDSX7:4:1101:9561:1078
data/fastqs/LCWG_Novoseq_LOSH_Plate1/LOSH_001_22N13592_S60_L004_R1_001.fastq.gz	@A00987:636:HC53KDSX7:4:1101:15040:1110
data/fastqs/LCWG_Novoseq_LOSH_Plate1/LOSH_001_22N13592_S60_L004_R2_001.fastq.gz	@A00987:636:HC53KDSX7:4:1101:15040:1110
data/fastqs/LCWG_Novoseq_LOSH_Plate1/LOSH_001_22N13596_S61_L004_R1_001.fastq.gz	@A00987:636:HC53KDSX7:4:1101:10881:1078
data/fastqs/LCWG_Novoseq_LOSH_Plate1/LOSH_001_22N13596_S61_L004_R2_001.fastq.gz	@A00987:636:HC53KDSX7:4:1101:10881:1078
data/fastqs/LCWG_Novoseq_LOSH_Plate1/LOSH_001_22N13598_S62_L004_R1_001.fastq.gz	@A00987:636:HC53KDSX7:4:1101:13702:1078
data/fastqs/LCWG_Novoseq_LOSH_Plate1/LOSH_001_22N13598_S62_L004_R2_001.fastq.gz	@A00987:636:HC53KDSX7:4:1101:13702:1078
data/fastqs/LCWG_Novoseq_LOSH_Plate1/LOSH_001_22N13599_S63_L004_R1_001.fastq.gz	@A00987:636:HC53KDSX7:4:1101:8730:1078
data/fastqs/LCWG_Novoseq_LOSH_Plate1/LOSH_001_22N13599_S63_L004_R2_001.fastq.gz	@A00987:636:HC53KDSX7:4:1101:8730:1078
data/fastqs/LCWG_Novoseq_LOSH_Plate1/LOSH_001_22N13601_S64_L004_R1_001.fastq.gz	@A00987:636:HC53KDSX7:4:1101:12798:1078
data/fastqs/LCWG_Novoseq_LOSH_Plate1/LOSH_001_22N13601_S64_L004_R2_001.fastq.gz	@A00987:636:HC53KDSX7:4:1101:12798:1078
data/fastqs/LCWG_Novoseq_LOSH_Plate1/LOSH_001_22N13602_S65_L004_R1_001.fastq.gz	@A00987:636:HC53KDSX7:4:1101:9833:1078
data/fastqs/LCWG_Novoseq_LOSH_Plate1/LOSH_001_22N13602_S65_L004_R2_001.fastq.gz	@A00987:636:HC53KDSX7:4:1101:9833:1078
data/fastqs/LCWG_Novoseq_LOSH_Plate1/LOSH_001_22N13608_S66_L004_R1_001.fastq.gz	@A00987:636:HC53KDSX7:4:1101:9778:1078
data/fastqs/LCWG_Novoseq_LOSH_Plate1/LOSH_001_22N13608_S66_L004_R2_001.fastq.gz	@A00987:636:HC53KDSX7:4:1101:9778:1078
data/fastqs/LCWG_Novoseq_LOSH_Plate1/LOSH_001_22N13614_S67_L004_R1_001.fastq.gz	@A00987:636:HC53KDSX7:4:1101:13376:1078
data/fastqs/LCWG_Novoseq_LOSH_Plate1/LOSH_001_22N13614_S67_L004_R2_001.fastq.gz	@A00987:636:HC53KDSX7:4:1101:13376:1078
data/fastqs/LCWG_Novoseq_LOSH_Plate1/LOSH_001_22N13626_S68_L004_R1_001.fastq.gz	@A00987:636:HC53KDSX7:4:1101:11478:1078
data/fastqs/LCWG_Novoseq_LOSH_Plate1/LOSH_001_22N13626_S68_L004_R2_001.fastq.gz	@A00987:636:HC53KDSX7:4:1101:11478:1078
data/fastqs/LCWG_Novoseq_LOSH_Plate1/LOSH_001_22N13627_S69_L004_R1_001.fastq.gz	@A00987:636:HC53KDSX7:4:1101:11388:1078
data/fastqs/LCWG_Novoseq_LOSH_Plate1/LOSH_001_22N13627_S69_L004_R2_001.fastq.gz	@A00987:636:HC53KDSX7:4:1101:11388:1078
data/fastqs/LCWG_Novoseq_LOSH_Plate1/LOSH_001_22N13628_S70_L004_R1_001.fastq.gz	@A00987:636:HC53KDSX7:4:1101:9399:1078
data/fastqs/LCWG_Novoseq_LOSH_Plate1/LOSH_001_22N13628_S70_L004_R2_001.fastq.gz	@A00987:636:HC53KDSX7:4:1101:9399:1078
data/fastqs/LCWG_Novoseq_LOSH_Plate1/LOSH_001_22N13629_S71_L004_R1_001.fastq.gz	@A00987:636:HC53KDSX7:4:1101:12038:1078
data/fastqs/LCWG_Novoseq_LOSH_Plate1/LOSH_001_22N13629_S71_L004_R2_001.fastq.gz	@A00987:636:HC53KDSX7:4:1101:12038:1078
data/fastqs/LCWG_Novoseq_LOSH_Plate1/LOSH_001_22N13632_S72_L004_R1_001.fastq.gz	@A00987:636:HC53KDSX7:4:1101:11369:1078
data/fastqs/LCWG_Novoseq_LOSH_Plate1/LOSH_001_22N13632_S72_L004_R2_001.fastq.gz	@A00987:636:HC53KDSX7:4:1101:11369:1078
data/fastqs/LCWG_Novoseq_LOSH_Plate1/LOSH_001_22N13640_S73_L004_R1_001.fastq.gz	@A00987:636:HC53KDSX7:4:1101:10140:1078
data/fastqs/LCWG_Novoseq_LOSH_Plate1/LOSH_001_22N13640_S73_L004_R2_001.fastq.gz	@A00987:636:HC53KDSX7:4:1101:10140:1078
data/fastqs/LCWG_Novoseq_LOSH_Plate1/LOSH_001_22N13642_S74_L004_R1_001.fastq.gz	@A00987:636:HC53KDSX7:4:1101:11984:1078
data/fastqs/LCWG_Novoseq_LOSH_Plate1/LOSH_001_22N13642_S74_L004_R2_001.fastq.gz	@A00987:636:HC53KDSX7:4:1101:11984:1078
data/fastqs/LCWG_Novoseq_LOSH_Plate1/LOSH_001_22N13643_S75_L004_R1_001.fastq.gz	@A00987:636:HC53KDSX7:4:1101:11098:1078
data/fastqs/LCWG_Novoseq_LOSH_Plate1/LOSH_001_22N13643_S75_L004_R2_001.fastq.gz	@A00987:636:HC53KDSX7:4:1101:11098:1078
data/fastqs/LCWG_Novoseq_LOSH_Plate1/LOSH_001_22N13646_S76_L004_R1_001.fastq.gz	@A00987:636:HC53KDSX7:4:1101:15148:1078
data/fastqs/LCWG_Novoseq_LOSH_Plate1/LOSH_001_22N13646_S76_L004_R2_001.fastq.gz	@A00987:636:HC53KDSX7:4:1101:15148:1078
data/fastqs/LCWG_Novoseq_LOSH_Plate1/LOSH_001_22N13647_S77_L004_R1_001.fastq.gz	@A00987:636:HC53KDSX7:4:1101:11840:1078
data/fastqs/LCWG_Novoseq_LOSH_Plate1/LOSH_001_22N13647_S77_L004_R2_001.fastq.gz	@A00987:636:HC53KDSX7:4:1101:11840:1078
data/fastqs/LCWG_Novoseq_LOSH_Plate1/LOSH_001_22N13648_S78_L004_R1_001.fastq.gz	@A00987:636:HC53KDSX7:4:1101:8748:1078
data/fastqs/LCWG_Novoseq_LOSH_Plate1/LOSH_001_22N13648_S78_L004_R2_001.fastq.gz	@A00987:636:HC53KDSX7:4:1101:8748:1078
data/fastqs/LCWG_Novoseq_LOSH_Plate1/LOSH_001_22N13650_S79_L004_R1_001.fastq.gz	@A00987:636:HC53KDSX7:4:1101:9200:1078
data/fastqs/LCWG_Novoseq_LOSH_Plate1/LOSH_001_22N13650_S79_L004_R2_001.fastq.gz	@A00987:636:HC53KDSX7:4:1101:9200:1078
data/fastqs/LCWG_Novoseq_LOSH_Plate1/LOSH_001_22N13651_S80_L004_R1_001.fastq.gz	@A00987:636:HC53KDSX7:4:1101:9525:1078
data/fastqs/LCWG_Novoseq_LOSH_Plate1/LOSH_001_22N13651_S80_L004_R2_001.fastq.gz	@A00987:636:HC53KDSX7:4:1101:9525:1078
data/fastqs/LCWG_Novoseq_LOSH_Plate1/LOSH_001_22N13652_S81_L004_R1_001.fastq.gz	@A00987:636:HC53KDSX7:4:1101:5231:1094
data/fastqs/LCWG_Novoseq_LOSH_Plate1/LOSH_001_22N13652_S81_L004_R2_001.fastq.gz	@A00987:636:HC53KDSX7:4:1101:5231:1094
data/fastqs/LCWG_Novoseq_LOSH_Plate1/LOSH_001_22N13654_S82_L004_R1_001.fastq.gz	@A00987:636:HC53KDSX7:4:1101:13069:1078
data/fastqs/LCWG_Novoseq_LOSH_Plate1/LOSH_001_22N13654_S82_L004_R2_001.fastq.gz	@A00987:636:HC53KDSX7:4:1101:13069:1078
data/fastqs/LCWG_Novoseq_LOSH_Plate1/LOSH_001_22N13655_S83_L004_R1_001.fastq.gz	@A00987:636:HC53KDSX7:4:1101:17806:1078
data/fastqs/LCWG_Novoseq_LOSH_Plate1/LOSH_001_22N13655_S83_L004_R2_001.fastq.gz	@A00987:636:HC53KDSX7:4:1101:17806:1078
data/fastqs/LCWG_Novoseq_LOSH_Plate1/LOSH_001_22N13656_S84_L004_R1_001.fastq.gz	@A00987:636:HC53KDSX7:4:1101:11677:1078
data/fastqs/LCWG_Novoseq_LOSH_Plate1/LOSH_001_22N13656_S84_L004_R2_001.fastq.gz	@A00987:636:HC53KDSX7:4:1101:11677:1078
data/fastqs/LCWG_Novoseq_LOSH_Plate1/LOSH_001_22N13657_S85_L004_R1_001.fastq.gz	@A00987:636:HC53KDSX7:4:1101:9290:1078
data/fastqs/LCWG_Novoseq_LOSH_Plate1/LOSH_001_22N13657_S85_L004_R2_001.fastq.gz	@A00987:636:HC53KDSX7:4:1101:9290:1078
data/fastqs/LCWG_Novoseq_LOSH_Plate1/LOSH_001_22N13660_S86_L004_R1_001.fastq.gz	@A00987:636:HC53KDSX7:4:1101:8838:1078
data/fastqs/LCWG_Novoseq_LOSH_Plate1/LOSH_001_22N13660_S86_L004_R2_001.fastq.gz	@A00987:636:HC53KDSX7:4:1101:8838:1078
data/fastqs/LCWG_Novoseq_LOSH_Plate1/LOSH_001_22N13661_S87_L004_R1_001.fastq.gz	@A00987:636:HC53KDSX7:4:1101:9417:1078
data/fastqs/LCWG_Novoseq_LOSH_Plate1/LOSH_001_22N13661_S87_L004_R2_001.fastq.gz	@A00987:636:HC53KDSX7:4:1101:9417:1078
data/fastqs/LCWG_Novoseq_LOSH_Plate1/LOSH_001_22N13663_S88_L004_R1_001.fastq.gz	@A00987:636:HC53KDSX7:4:1101:10538:1078
data/fastqs/LCWG_Novoseq_LOSH_Plate1/LOSH_001_22N13663_S88_L004_R2_001.fastq.gz	@A00987:636:HC53KDSX7:4:1101:10538:1078
data/fastqs/LCWG_Novoseq_LOSH_Plate1/LOSH_001_22N13664_S89_L004_R1_001.fastq.gz	@A00987:636:HC53KDSX7:4:1101:10357:1078
data/fastqs/LCWG_Novoseq_LOSH_Plate1/LOSH_001_22N13664_S89_L004_R2_001.fastq.gz	@A00987:636:HC53KDSX7:4:1101:10357:1078
data/fastqs/LCWG_Novoseq_LOSH_Plate1/LOSH_001_22N13666_S90_L004_R1_001.fastq.gz	@A00987:636:HC53KDSX7:4:1101:10375:1078
data/fastqs/LCWG_Novoseq_LOSH_Plate1/LOSH_001_22N13666_S90_L004_R2_001.fastq.gz	@A00987:636:HC53KDSX7:4:1101:10375:1078
data/fastqs/LCWG_Novoseq_LOSH_Plate1/LOSH_001_22N13667_S91_L004_R1_001.fastq.gz	@A00987:636:HC53KDSX7:4:1101:9724:1078
data/fastqs/LCWG_Novoseq_LOSH_Plate1/LOSH_001_22N13667_S91_L004_R2_001.fastq.gz	@A00987:636:HC53KDSX7:4:1101:9724:1078
data/fastqs/LCWG_Novoseq_LOSH_Plate1/LOSH_001_22N13669_S92_L004_R1_001.fastq.gz	@A00987:636:HC53KDSX7:4:1101:8856:1078
data/fastqs/LCWG_Novoseq_LOSH_Plate1/LOSH_001_22N13669_S92_L004_R2_001.fastq.gz	@A00987:636:HC53KDSX7:4:1101:8856:1078
data/fastqs/LCWG_Novoseq_LOSH_Plate1/LOSH_001_22N13673_S93_L004_R1_001.fastq.gz	@A00987:636:HC53KDSX7:4:1101:10013:1078
data/fastqs/LCWG_Novoseq_LOSH_Plate1/LOSH_001_22N13673_S93_L004_R2_001.fastq.gz	@A00987:636:HC53KDSX7:4:1101:10013:1078
data/fastqs/LCWG_Novoseq_LOSH_Plate1/LOSH_001_22N13684_S94_L004_R1_001.fastq.gz	@A00987:636:HC53KDSX7:4:1101:9308:1078
data/fastqs/LCWG_Novoseq_LOSH_Plate1/LOSH_001_22N13684_S94_L004_R2_001.fastq.gz	@A00987:636:HC53KDSX7:4:1101:9308:1078
data/fastqs/LCWG_Novoseq_LOSH_Plate1/LOSH_001_22N13685_S95_L004_R1_001.fastq.gz	@A00987:636:HC53KDSX7:4:1101:17535:1078
data/fastqs/LCWG_Novoseq_LOSH_Plate1/LOSH_001_22N13685_S95_L004_R2_001.fastq.gz	@A00987:636:HC53KDSX7:4:1101:17535:1078
data/fastqs/LCWG_Novoseq_LOSH_Plate1/LOSH_001_22N13686_S96_L004_R1_001.fastq.gz	@A00987:636:HC53KDSX7:4:1101:11641:1078
data/fastqs/LCWG_Novoseq_LOSH_Plate1/LOSH_001_22N13686_S96_L004_R2_001.fastq.gz	@A00987:636:HC53KDSX7:4:1101:11641:1078
data/fastqs/LCWG_Novoseq_LOSH_Plate1/LOSH_001_22N13687_S97_L004_R1_001.fastq.gz	@A00987:636:HC53KDSX7:4:1101:12509:1078
data/fastqs/LCWG_Novoseq_LOSH_Plate1/LOSH_001_22N13687_S97_L004_R2_001.fastq.gz	@A00987:636:HC53KDSX7:4:1101:12509:1078
data/fastqs/LCWG_Novoseq_LOSH_Plate1/LOSH_001_22N13688_S98_L004_R1_001.fastq.gz	@A00987:636:HC53KDSX7:4:1101:14226:1078
data/fastqs/LCWG_Novoseq_LOSH_Plate1/LOSH_001_22N13688_S98_L004_R2_001.fastq.gz	@A00987:636:HC53KDSX7:4:1101:14226:1078
data/fastqs/LCWG_Novoseq_LOSH_Plate1/LOSH_001_22N13689_S99_L004_R1_001.fastq.gz	@A00987:636:HC53KDSX7:4:1101:9435:1078
data/fastqs/LCWG_Novoseq_LOSH_Plate1/LOSH_001_22N13689_S99_L004_R2_001.fastq.gz	@A00987:636:HC53KDSX7:4:1101:9435:1078
data/fastqs/LCWG_Novoseq_LOSH_Plate1/LOSH_001_22N13690_S100_L004_R1_001.fastq.gz	@A00987:636:HC53KDSX7:4:1101:14281:1078
data/fastqs/LCWG_Novoseq_LOSH_Plate1/LOSH_001_22N13690_S100_L004_R2_001.fastq.gz	@A00987:636:HC53KDSX7:4:1101:14281:1078
data/fastqs/LCWG_Novoseq_LOSH_Plate1/LOSH_001_22N13691_S101_L004_R1_001.fastq.gz	@A00987:636:HC53KDSX7:4:1101:15203:1078
data/fastqs/LCWG_Novoseq_LOSH_Plate1/LOSH_001_22N13691_S101_L004_R2_001.fastq.gz	@A00987:636:HC53KDSX7:4:1101:15203:1078
data/fastqs/LCWG_Novoseq_LOSH_Plate1/LOSH_001_22N13692_S102_L004_R1_001.fastq.gz	@A00987:636:HC53KDSX7:4:1101:12527:1078
data/fastqs/LCWG_Novoseq_LOSH_Plate1/LOSH_001_22N13692_S102_L004_R2_001.fastq.gz	@A00987:636:HC53KDSX7:4:1101:12527:1078
data/fastqs/LCWG_Novoseq_LOSH_Plate1/LOSH_001_22N13693_S103_L004_R1_001.fastq.gz	@A00987:636:HC53KDSX7:4:1101:10194:1078
data/fastqs/LCWG_Novoseq_LOSH_Plate1/LOSH_001_22N13693_S103_L004_R2_001.fastq.gz	@A00987:636:HC53KDSX7:4:1101:10194:1078
data/fastqs/LCWG_Novoseq_LOSH_Plate1/LOSH_001_22N13697_S104_L004_R1_001.fastq.gz	@A00987:636:HC53KDSX7:4:1101:9091:1078
data/fastqs/LCWG_Novoseq_LOSH_Plate1/LOSH_001_22N13697_S104_L004_R2_001.fastq.gz	@A00987:636:HC53KDSX7:4:1101:9091:1078
data/fastqs/LCWG_Novoseq_LOSH_Plate1/LOSH_001_22N13700_S105_L004_R1_001.fastq.gz	@A00987:636:HC53KDSX7:4:1101:10628:1078
data/fastqs/LCWG_Novoseq_LOSH_Plate1/LOSH_001_22N13700_S105_L004_R2_001.fastq.gz	@A00987:636:HC53KDSX7:4:1101:10628:1078
data/fastqs/LCWG_Novoseq_LOSH_Plate1/LOSH_001_22N13701_S106_L004_R1_001.fastq.gz	@A00987:636:HC53KDSX7:4:1101:10917:1078
data/fastqs/LCWG_Novoseq_LOSH_Plate1/LOSH_001_22N13701_S106_L004_R2_001.fastq.gz	@A00987:636:HC53KDSX7:4:1101:10917:1078
data/fastqs/LCWG_Novoseq_LOSH_Plate1/LOSH_001_22N13702_S107_L004_R1_001.fastq.gz	@A00987:636:HC53KDSX7:4:1101:8892:1078
data/fastqs/LCWG_Novoseq_LOSH_Plate1/LOSH_001_22N13702_S107_L004_R2_001.fastq.gz	@A00987:636:HC53KDSX7:4:1101:8892:1078
data/fastqs/LCWG_Novoseq_LOSH_Plate1/LOSH_001_22N13703_S108_L004_R1_001.fastq.gz	@A00987:636:HC53KDSX7:4:1101:9073:1078
data/fastqs/LCWG_Novoseq_LOSH_Plate1/LOSH_001_22N13703_S108_L004_R2_001.fastq.gz	@A00987:636:HC53KDSX7:4:1101:9073:1078
data/fastqs/LCWG_Novoseq_LOSH_Plate1/LOSH_001_22N13704_S109_L004_R1_001.fastq.gz	@A00987:636:HC53KDSX7:4:1101:8766:1078
data/fastqs/LCWG_Novoseq_LOSH_Plate1/LOSH_001_22N13704_S109_L004_R2_001.fastq.gz	@A00987:636:HC53KDSX7:4:1101:8766:1078
data/fastqs/LCWG_Novoseq_LOSH_Plate1/LOSH_001_22N13706_S110_L004_R1_001.fastq.gz	@A00987:636:HC53KDSX7:4:1101:9616:1078
data/fastqs/LCWG_Novoseq_LOSH_Plate1/LOSH_001_22N13706_S110_L004_R2_001.fastq.gz	@A00987:636:HC53KDSX7:4:1101:9616:1078
data/fastqs/LCWG_Novoseq_LOSH_Plate1/LOSH_001_22N13707_S111_L004_R1_001.fastq.gz	@A00987:636:HC53KDSX7:4:1101:9579:1078
data/fastqs/LCWG_Novoseq_LOSH_Plate1/LOSH_001_22N13707_S111_L004_R2_001.fastq.gz	@A00987:636:HC53KDSX7:4:1101:9579:1078
data/fastqs/LCWG_Novoseq_LOSH_Plate1/LOSH_001_22N13708_S112_L004_R1_001.fastq.gz	@A00987:636:HC53KDSX7:4:1101:10972:1078
data/fastqs/LCWG_Novoseq_LOSH_Plate1/LOSH_001_22N13708_S112_L004_R2_001.fastq.gz	@A00987:636:HC53KDSX7:4:1101:10972:1078
data/fastqs/LCWG_Novoseq_LOSH_Plate1/LOSH_001_22N13710_S113_L004_R1_001.fastq.gz	@A00987:636:HC53KDSX7:4:1101:9344:1078
data/fastqs/LCWG_Novoseq_LOSH_Plate1/LOSH_001_22N13710_S113_L004_R2_001.fastq.gz	@A00987:636:HC53KDSX7:4:1101:9344:1078
data/fastqs/LCWG_Novoseq_LOSH_Plate1/LOSH_001_22N13711_S114_L004_R1_001.fastq.gz	@A00987:636:HC53KDSX7:4:1101:12834:1078
data/fastqs/LCWG_Novoseq_LOSH_Plate1/LOSH_001_22N13711_S114_L004_R2_001.fastq.gz	@A00987:636:HC53KDSX7:4:1101:12834:1078
data/fastqs/LCWG_Novoseq_LOSH_Plate1/LOSH_001_22N13712_S115_L004_R1_001.fastq.gz	@A00987:636:HC53KDSX7:4:1101:8874:1078
data/fastqs/LCWG_Novoseq_LOSH_Plate1/LOSH_001_22N13712_S115_L004_R2_001.fastq.gz	@A00987:636:HC53KDSX7:4:1101:8874:1078
data/fastqs/LCWG_Novoseq_LOSH_Plate1/LOSH_001_22N13713_S116_L004_R1_001.fastq.gz	@A00987:636:HC53KDSX7:4:1101:11930:1078
data/fastqs/LCWG_Novoseq_LOSH_Plate1/LOSH_001_22N13713_S116_L004_R2_001.fastq.gz	@A00987:636:HC53KDSX7:4:1101:11930:1078
data/fastqs/LCWG_Novoseq_LOSH_Plate1/LOSH_001_22N13714_S117_L004_R1_001.fastq.gz	@A00987:636:HC53KDSX7:4:1101:12816:1078
data/fastqs/LCWG_Novoseq_LOSH_Plate1/LOSH_001_22N13714_S117_L004_R2_001.fastq.gz	@A00987:636:HC53KDSX7:4:1101:12816:1078
data/fastqs/LCWG_Novoseq_LOSH_Plate1/LOSH_001_22N13716_S118_L004_R1_001.fastq.gz	@A00987:636:HC53KDSX7:4:1101:21694:1078
data/fastqs/LCWG_Novoseq_LOSH_Plate1/LOSH_001_22N13716_S118_L004_R2_001.fastq.gz	@A00987:636:HC53KDSX7:4:1101:21694:1078
data/fastqs/LCWG_Novoseq_LOSH_Plate1/LOSH_001_22N13720_S119_L004_R1_001.fastq.gz	@A00987:636:HC53KDSX7:4:1101:16125:1078
data/fastqs/LCWG_Novoseq_LOSH_Plate1/LOSH_001_22N13720_S119_L004_R2_001.fastq.gz	@A00987:636:HC53KDSX7:4:1101:16125:1078
data/fastqs/LCWG_Novoseq_LOSH_Plate1/LOSH_001_22N13721_S120_L004_R1_001.fastq.gz	@A00987:636:HC53KDSX7:4:1101:11297:1078
data/fastqs/LCWG_Novoseq_LOSH_Plate1/LOSH_001_22N13721_S120_L004_R2_001.fastq.gz	@A00987:636:HC53KDSX7:4:1101:11297:1078
data/fastqs/LCWG_Novoseq_LOSH_Plate1/LOSH_001_22N13722_S121_L004_R1_001.fastq.gz	@A00987:636:HC53KDSX7:4:1101:9164:1078
data/fastqs/LCWG_Novoseq_LOSH_Plate1/LOSH_001_22N13722_S121_L004_R2_001.fastq.gz	@A00987:636:HC53KDSX7:4:1101:9164:1078
data/fastqs/LCWG_Novoseq_LOSH_Plate1/LOSH_001_22N13725_S122_L004_R1_001.fastq.gz	@A00987:636:HC53KDSX7:4:1101:9055:1078
data/fastqs/LCWG_Novoseq_LOSH_Plate1/LOSH_001_22N13725_S122_L004_R2_001.fastq.gz	@A00987:636:HC53KDSX7:4:1101:9055:1078
data/fastqs/LCWG_Novoseq_LOSH_Plate1/LOSH_001_22N13726_S123_L004_R1_001.fastq.gz	@A00987:636:HC53KDSX7:4:1101:10791:1078
data/fastqs/LCWG_Novoseq_LOSH_Plate1/LOSH_001_22N13726_S123_L004_R2_001.fastq.gz	@A00987:636:HC53KDSX7:4:1101:10791:1078
data/fastqs/LCWG_Novoseq_LOSH_Plate1/LOSH_001_22N13727_S124_L004_R1_001.fastq.gz	@A00987:636:HC53KDSX7:4:1101:8802:1078
data/fastqs/LCWG_Novoseq_LOSH_Plate1/LOSH_001_22N13727_S124_L004_R2_001.fastq.gz	@A00987:636:HC53KDSX7:4:1101:8802:1078
data/fastqs/LCWG_Novoseq_LOSH_Plate1/LOSH_001_22N13728_S125_L004_R1_001.fastq.gz	@A00987:636:HC53KDSX7:4:1101:12744:1078
data/fastqs/LCWG_Novoseq_LOSH_Plate1/LOSH_001_22N13728_S125_L004_R2_001.fastq.gz	@A00987:636:HC53KDSX7:4:1101:12744:1078
data/fastqs/LCWG_Novoseq_LOSH_Plate1/LOSH_001_22N13729_S126_L004_R1_001.fastq.gz	@A00987:636:HC53KDSX7:4:1101:11496:1078
data/fastqs/LCWG_Novoseq_LOSH_Plate1/LOSH_001_22N13729_S126_L004_R2_001.fastq.gz	@A00987:636:HC53KDSX7:4:1101:11496:1078
data/fastqs/LCWG_Novoseq_LOSH_Plate1/LOSH_001_22N13733_S127_L004_R1_001.fastq.gz	@A00987:636:HC53KDSX7:4:1101:8965:1078
data/fastqs/LCWG_Novoseq_LOSH_Plate1/LOSH_001_22N13733_S127_L004_R2_001.fastq.gz	@A00987:636:HC53KDSX7:4:1101:8965:1078
data/fastqs/LCWG_Novoseq_LOSH_Plate1/LOSH_001_22N13734_S128_L004_R1_001.fastq.gz	@A00987:636:HC53KDSX7:4:1101:9543:1078
data/fastqs/LCWG_Novoseq_LOSH_Plate1/LOSH_001_22N13734_S128_L004_R2_001.fastq.gz	@A00987:636:HC53KDSX7:4:1101:9543:1078
data/fastqs/LCWG_Novoseq_LOSH_Plate1/LOSH_001_22N13742_S129_L004_R1_001.fastq.gz	@A00987:636:HC53KDSX7:4:1101:9507:1078
data/fastqs/LCWG_Novoseq_LOSH_Plate1/LOSH_001_22N13742_S129_L004_R2_001.fastq.gz	@A00987:636:HC53KDSX7:4:1101:9507:1078
data/fastqs/LCWG_Novoseq_LOSH_Plate1/LOSH_001_22N13744_S130_L004_R1_001.fastq.gz	@A00987:636:HC53KDSX7:4:1101:10031:1078
data/fastqs/LCWG_Novoseq_LOSH_Plate1/LOSH_001_22N13744_S130_L004_R2_001.fastq.gz	@A00987:636:HC53KDSX7:4:1101:10031:1078
data/fastqs/LCWG_Novoseq_LOSH_Plate1/LOSH_001_22N13749_S131_L004_R1_001.fastq.gz	@A00987:636:HC53KDSX7:4:1101:11062:1078
data/fastqs/LCWG_Novoseq_LOSH_Plate1/LOSH_001_22N13749_S131_L004_R2_001.fastq.gz	@A00987:636:HC53KDSX7:4:1101:11062:1078
data/fastqs/LCWG_Novoseq_LOSH_Plate1/LOSH_001_22N13753_S132_L004_R1_001.fastq.gz	@A00987:636:HC53KDSX7:4:1101:10086:1078
data/fastqs/LCWG_Novoseq_LOSH_Plate1/LOSH_001_22N13753_S132_L004_R2_001.fastq.gz	@A00987:636:HC53KDSX7:4:1101:10086:1078
data/fastqs/LCWG_Novoseq_LOSH_Plate1/LOSH_001_22N13754_S133_L004_R1_001.fastq.gz	@A00987:636:HC53KDSX7:4:1101:14805:1078
data/fastqs/LCWG_Novoseq_LOSH_Plate1/LOSH_001_22N13754_S133_L004_R2_001.fastq.gz	@A00987:636:HC53KDSX7:4:1101:14805:1078
data/fastqs/LCWG_Novoseq_LOSH_Plate1/LOSH_001_22N13758_S134_L004_R1_001.fastq.gz	@A00987:636:HC53KDSX7:4:1101:11912:1078
data/fastqs/LCWG_Novoseq_LOSH_Plate1/LOSH_001_22N13758_S134_L004_R2_001.fastq.gz	@A00987:636:HC53KDSX7:4:1101:11912:1078
data/fastqs/LCWG_Novoseq_LOSH_Plate1/LOSH_001_22N13761_S135_L004_R1_001.fastq.gz	@A00987:636:HC53KDSX7:4:1101:10592:1078
data/fastqs/LCWG_Novoseq_LOSH_Plate1/LOSH_001_22N13761_S135_L004_R2_001.fastq.gz	@A00987:636:HC53KDSX7:4:1101:10592:1078
data/fastqs/LCWG_Novoseq_LOSH_Plate1/LOSH_001_22N13766_S136_L004_R1_001.fastq.gz	@A00987:636:HC53KDSX7:4:1101:12057:1078
data/fastqs/LCWG_Novoseq_LOSH_Plate1/LOSH_001_22N13766_S136_L004_R2_001.fastq.gz	@A00987:636:HC53KDSX7:4:1101:12057:1078
data/fastqs/LCWG_Novoseq_LOSH_Plate1/LOSH_001_22N13767_S137_L004_R1_001.fastq.gz	@A00987:636:HC53KDSX7:4:1101:12219:1078
data/fastqs/LCWG_Novoseq_LOSH_Plate1/LOSH_001_22N13767_S137_L004_R2_001.fastq.gz	@A00987:636:HC53KDSX7:4:1101:12219:1078
data/fastqs/LCWG_Novoseq_LOSH_Plate1/LOSH_001_22N13769_S138_L004_R1_001.fastq.gz	@A00987:636:HC53KDSX7:4:1101:11532:1078
data/fastqs/LCWG_Novoseq_LOSH_Plate1/LOSH_001_22N13769_S138_L004_R2_001.fastq.gz	@A00987:636:HC53KDSX7:4:1101:11532:1078
data/fastqs/LCWG_Novoseq_LOSH_Plate1/LOSH_001_22N13773_S139_L004_R1_001.fastq.gz	@A00987:636:HC53KDSX7:4:1101:11785:1078
data/fastqs/LCWG_Novoseq_LOSH_Plate1/LOSH_001_22N13773_S139_L004_R2_001.fastq.gz	@A00987:636:HC53KDSX7:4:1101:11785:1078
data/fastqs/LCWG_Novoseq_LOSH_Plate1/LOSH_001_22N13774_S140_L004_R1_001.fastq.gz	@A00987:636:HC53KDSX7:4:1101:11333:1078
data/fastqs/LCWG_Novoseq_LOSH_Plate1/LOSH_001_22N13774_S140_L004_R2_001.fastq.gz	@A00987:636:HC53KDSX7:4:1101:11333:1078
data/fastqs/LCWG_Novoseq_LOSH_Plate1/LOSH_001_22N13775_S141_L004_R1_001.fastq.gz	@A00987:636:HC53KDSX7:4:1101:18295:1078
data/fastqs/LCWG_Novoseq_LOSH_Plate1/LOSH_001_22N13775_S141_L004_R2_001.fastq.gz	@A00987:636:HC53KDSX7:4:1101:18295:1078
data/fastqs/LCWG_Novoseq_LOSH_Plate1/LOSH_001_22N13778_S142_L004_R1_001.fastq.gz	@A00987:636:HC53KDSX7:4:1101:17173:1078
data/fastqs/LCWG_Novoseq_LOSH_Plate1/LOSH_001_22N13778_S142_L004_R2_001.fastq.gz	@A00987:636:HC53KDSX7:4:1101:17173:1078
data/fastqs/LCWG_Novoseq_LOSH_Plate1/LOSH_001_22N13787_S143_L004_R1_001.fastq.gz	@A00987:636:HC53KDSX7:4:1101:9652:1078
data/fastqs/LCWG_Novoseq_LOSH_Plate1/LOSH_001_22N13787_S143_L004_R2_001.fastq.gz	@A00987:636:HC53KDSX7:4:1101:9652:1078
data/fastqs/LCWG_Novoseq_LOSH_Plate1/LOSH_001_22N13792_S144_L004_R1_001.fastq.gz	@A00987:636:HC53KDSX7:4:1101:8820:1078
data/fastqs/LCWG_Novoseq_LOSH_Plate1/LOSH_001_22N13792_S144_L004_R2_001.fastq.gz	@A00987:636:HC53KDSX7:4:1101:8820:1078
data/fastqs/LCWG_Novoseq_LOSH_Plate1/LOSH_001_22N13795_S145_L004_R1_001.fastq.gz	@A00987:636:HC53KDSX7:4:1101:10664:1078
data/fastqs/LCWG_Novoseq_LOSH_Plate1/LOSH_001_22N13795_S145_L004_R2_001.fastq.gz	@A00987:636:HC53KDSX7:4:1101:10664:1078
data/fastqs/LCWG_Novoseq_LOSH_Plate1/LOSH_001_22N13796_S146_L004_R1_001.fastq.gz	@A00987:636:HC53KDSX7:4:1101:10285:1078
data/fastqs/LCWG_Novoseq_LOSH_Plate1/LOSH_001_22N13796_S146_L004_R2_001.fastq.gz	@A00987:636:HC53KDSX7:4:1101:10285:1078
data/fastqs/LCWG_Novoseq_LOSH_Plate1/LOSH_001_22N13799_S147_L004_R1_001.fastq.gz	@A00987:636:HC53KDSX7:4:1101:14136:1078
data/fastqs/LCWG_Novoseq_LOSH_Plate1/LOSH_001_22N13799_S147_L004_R2_001.fastq.gz	@A00987:636:HC53KDSX7:4:1101:14136:1078
data/fastqs/LCWG_Novoseq_LOSH_Plate1/LOSH_001_22N13801_S148_L004_R1_001.fastq.gz	@A00987:636:HC53KDSX7:4:1101:9923:1078
data/fastqs/LCWG_Novoseq_LOSH_Plate1/LOSH_001_22N13801_S148_L004_R2_001.fastq.gz	@A00987:636:HC53KDSX7:4:1101:9923:1078
data/fastqs/LCWG_Novoseq_LOSH_Plate1/LOSH_001_22N13802_S149_L004_R1_001.fastq.gz	@A00987:636:HC53KDSX7:4:1101:10990:1078
data/fastqs/LCWG_Novoseq_LOSH_Plate1/LOSH_001_22N13802_S149_L004_R2_001.fastq.gz	@A00987:636:HC53KDSX7:4:1101:10990:1078
data/fastqs/LCWG_Novoseq_LOSH_Plate1/LOSH_001_22N13803_S150_L004_R1_001.fastq.gz	@A00987:636:HC53KDSX7:4:1101:9001:1078
data/fastqs/LCWG_Novoseq_LOSH_Plate1/LOSH_001_22N13803_S150_L004_R2_001.fastq.gz	@A00987:636:HC53KDSX7:4:1101:9001:1078
data/fastqs/LCWG_Novoseq_LOSH_Plate1/LOSH_001_22N13805_S151_L004_R1_001.fastq.gz	@A00987:636:HC53KDSX7:4:1101:9236:1078
data/fastqs/LCWG_Novoseq_LOSH_Plate1/LOSH_001_22N13805_S151_L004_R2_001.fastq.gz	@A00987:636:HC53KDSX7:4:1101:9236:1078
data/fastqs/LCWG_Novoseq_LOSH_Plate1/LOSH_001_22N13807_S152_L004_R1_001.fastq.gz	@A00987:636:HC53KDSX7:4:1101:8983:1078
data/fastqs/LCWG_Novoseq_LOSH_Plate1/LOSH_001_22N13807_S152_L004_R2_001.fastq.gz	@A00987:636:HC53KDSX7:4:1101:8983:1078
data/fastqs/LCWG_Novoseq_LOSH_Plate1/LOSH_001_22N13808_S153_L004_R1_001.fastq.gz	@A00987:636:HC53KDSX7:4:1101:11279:1078
data/fastqs/LCWG_Novoseq_LOSH_Plate1/LOSH_001_22N13808_S153_L004_R2_001.fastq.gz	@A00987:636:HC53KDSX7:4:1101:11279:1078
data/fastqs/LCWG_Novoseq_LOSH_Plate1/LOSH_001_22N13809_S154_L004_R1_001.fastq.gz	@A00987:636:HC53KDSX7:4:1101:8784:1078
data/fastqs/LCWG_Novoseq_LOSH_Plate1/LOSH_001_22N13809_S154_L004_R2_001.fastq.gz	@A00987:636:HC53KDSX7:4:1101:8784:1078
data/fastqs/LCWG_Novoseq_LOSH_Plate1/LOSH_001_22N13828_S155_L004_R1_001.fastq.gz	@A00987:636:HC53KDSX7:4:1101:25780:1078
data/fastqs/LCWG_Novoseq_LOSH_Plate1/LOSH_001_22N13828_S155_L004_R2_001.fastq.gz	@A00987:636:HC53KDSX7:4:1101:25780:1078
data/fastqs/LCWG_Novoseq_LOSH_Plate1/LOSH_001_22N13841_S156_L004_R1_001.fastq.gz	@A00987:636:HC53KDSX7:4:1101:11134:1078
data/fastqs/LCWG_Novoseq_LOSH_Plate1/LOSH_001_22N13841_S156_L004_R2_001.fastq.gz	@A00987:636:HC53KDSX7:4:1101:11134:1078
data/fastqs/LCWG_Novoseq_LOSH_Plate1/LOSH_001_22N13855_S157_L004_R1_001.fastq.gz	@A00987:636:HC53KDSX7:4:1101:10447:1078
data/fastqs/LCWG_Novoseq_LOSH_Plate1/LOSH_001_22N13855_S157_L004_R2_001.fastq.gz	@A00987:636:HC53KDSX7:4:1101:10447:1078
data/fastqs/LCWG_Novoseq_LOSH_Plate2/22N13593_S1_L001_R1_001.fastq.gz	@A00987:644:HCNWNDSX7:1:1101:2239:1016
data/fastqs/LCWG_Novoseq_LOSH_Plate2/22N13593_S1_L001_R2_001.fastq.gz	@A00987:644:HCNWNDSX7:1:1101:2239:1016
data/fastqs/LCWG_Novoseq_LOSH_Plate2/22N13595_S2_L001_R1_001.fastq.gz	@A00987:644:HCNWNDSX7:1:1101:2184:1016
data/fastqs/LCWG_Novoseq_LOSH_Plate2/22N13595_S2_L001_R2_001.fastq.gz	@A00987:644:HCNWNDSX7:1:1101:2184:1016
data/fastqs/LCWG_Novoseq_LOSH_Plate2/22N13605_S3_L001_R1_001.fastq.gz	@A00987:644:HCNWNDSX7:1:1101:4372:1016
data/fastqs/LCWG_Novoseq_LOSH_Plate2/22N13605_S3_L001_R2_001.fastq.gz	@A00987:644:HCNWNDSX7:1:1101:4372:1016
data/fastqs/LCWG_Novoseq_LOSH_Plate2/22N13607_S4_L001_R1_001.fastq.gz	@A00987:644:HCNWNDSX7:1:1101:1190:1016
data/fastqs/LCWG_Novoseq_LOSH_Plate2/22N13607_S4_L001_R2_001.fastq.gz	@A00987:644:HCNWNDSX7:1:1101:1190:1016
data/fastqs/LCWG_Novoseq_LOSH_Plate2/22N13609_S5_L001_R1_001.fastq.gz	@A00987:644:HCNWNDSX7:1:1101:2474:1016
data/fastqs/LCWG_Novoseq_LOSH_Plate2/22N13609_S5_L001_R2_001.fastq.gz	@A00987:644:HCNWNDSX7:1:1101:2474:1016
data/fastqs/LCWG_Novoseq_LOSH_Plate2/22N13610_S6_L001_R1_001.fastq.gz	@A00987:644:HCNWNDSX7:1:1101:4029:1016
data/fastqs/LCWG_Novoseq_LOSH_Plate2/22N13610_S6_L001_R2_001.fastq.gz	@A00987:644:HCNWNDSX7:1:1101:4029:1016
data/fastqs/LCWG_Novoseq_LOSH_Plate2/22N13611_S7_L001_R1_001.fastq.gz	@A00987:644:HCNWNDSX7:1:1101:3595:1016
data/fastqs/LCWG_Novoseq_LOSH_Plate2/22N13611_S7_L001_R2_001.fastq.gz	@A00987:644:HCNWNDSX7:1:1101:3595:1016
data/fastqs/LCWG_Novoseq_LOSH_Plate2/22N13612_S8_L001_R1_001.fastq.gz	@A00987:644:HCNWNDSX7:1:1101:2835:1016
data/fastqs/LCWG_Novoseq_LOSH_Plate2/22N13612_S8_L001_R2_001.fastq.gz	@A00987:644:HCNWNDSX7:1:1101:2835:1016
data/fastqs/LCWG_Novoseq_LOSH_Plate2/22N13613_S9_L001_R1_001.fastq.gz	@A00987:644:HCNWNDSX7:1:1101:1732:1016
data/fastqs/LCWG_Novoseq_LOSH_Plate2/22N13613_S9_L001_R2_001.fastq.gz	@A00987:644:HCNWNDSX7:1:1101:1732:1016
data/fastqs/LCWG_Novoseq_LOSH_Plate2/22N13615_S10_L001_R1_001.fastq.gz	@A00987:644:HCNWNDSX7:1:1101:3450:1016
data/fastqs/LCWG_Novoseq_LOSH_Plate2/22N13615_S10_L001_R2_001.fastq.gz	@A00987:644:HCNWNDSX7:1:1101:3450:1016
data/fastqs/LCWG_Novoseq_LOSH_Plate2/22N13616_S11_L001_R1_001.fastq.gz	@A00987:644:HCNWNDSX7:1:1101:3775:1016
data/fastqs/LCWG_Novoseq_LOSH_Plate2/22N13616_S11_L001_R2_001.fastq.gz	@A00987:644:HCNWNDSX7:1:1101:3775:1016
data/fastqs/LCWG_Novoseq_LOSH_Plate2/22N13617_S12_L001_R1_001.fastq.gz	@A00987:644:HCNWNDSX7:1:1101:1967:1016
data/fastqs/LCWG_Novoseq_LOSH_Plate2/22N13617_S12_L001_R2_001.fastq.gz	@A00987:644:HCNWNDSX7:1:1101:1967:1016
data/fastqs/LCWG_Novoseq_LOSH_Plate2/22N13619_S13_L001_R1_001.fastq.gz	@A00987:644:HCNWNDSX7:1:1101:8097:1016
data/fastqs/LCWG_Novoseq_LOSH_Plate2/22N13619_S13_L001_R2_001.fastq.gz	@A00987:644:HCNWNDSX7:1:1101:8097:1016
data/fastqs/LCWG_Novoseq_LOSH_Plate2/22N13620_S14_L001_R1_001.fastq.gz	@A00987:644:HCNWNDSX7:1:1101:7392:1016
data/fastqs/LCWG_Novoseq_LOSH_Plate2/22N13620_S14_L001_R2_001.fastq.gz	@A00987:644:HCNWNDSX7:1:1101:7392:1016
data/fastqs/LCWG_Novoseq_LOSH_Plate2/22N13621_S15_L001_R1_001.fastq.gz	@A00987:644:HCNWNDSX7:1:1101:2998:1016
data/fastqs/LCWG_Novoseq_LOSH_Plate2/22N13621_S15_L001_R2_001.fastq.gz	@A00987:644:HCNWNDSX7:1:1101:2998:1016
data/fastqs/LCWG_Novoseq_LOSH_Plate2/22N13623_S16_L001_R1_001.fastq.gz	@A00987:644:HCNWNDSX7:1:1101:2492:1016
data/fastqs/LCWG_Novoseq_LOSH_Plate2/22N13623_S16_L001_R2_001.fastq.gz	@A00987:644:HCNWNDSX7:1:1101:2492:1016
data/fastqs/LCWG_Novoseq_LOSH_Plate2/22N13625_S17_L001_R1_001.fastq.gz	@A00987:644:HCNWNDSX7:1:1101:1172:1016
data/fastqs/LCWG_Novoseq_LOSH_Plate2/22N13625_S17_L001_R2_001.fastq.gz	@A00987:644:HCNWNDSX7:1:1101:1172:1016
data/fastqs/LCWG_Novoseq_LOSH_Plate2/22N13641_S18_L001_R1_001.fastq.gz	@A00987:644:HCNWNDSX7:1:1101:8205:1016
data/fastqs/LCWG_Novoseq_LOSH_Plate2/22N13641_S18_L001_R2_001.fastq.gz	@A00987:644:HCNWNDSX7:1:1101:8205:1016
data/fastqs/LCWG_Novoseq_LOSH_Plate2/22N13645_S19_L001_R1_001.fastq.gz	@A00987:644:HCNWNDSX7:1:1101:4264:1016
data/fastqs/LCWG_Novoseq_LOSH_Plate2/22N13645_S19_L001_R2_001.fastq.gz	@A00987:644:HCNWNDSX7:1:1101:4264:1016
data/fastqs/LCWG_Novoseq_LOSH_Plate2/22N13649_S20_L001_R1_001.fastq.gz	@A00987:644:HCNWNDSX7:1:1101:6108:1016
data/fastqs/LCWG_Novoseq_LOSH_Plate2/22N13649_S20_L001_R2_001.fastq.gz	@A00987:644:HCNWNDSX7:1:1101:6108:1016
data/fastqs/LCWG_Novoseq_LOSH_Plate2/22N13653_S21_L001_R1_001.fastq.gz	@A00987:644:HCNWNDSX7:1:1101:3106:1016
data/fastqs/LCWG_Novoseq_LOSH_Plate2/22N13653_S21_L001_R2_001.fastq.gz	@A00987:644:HCNWNDSX7:1:1101:3106:1016
data/fastqs/LCWG_Novoseq_LOSH_Plate2/22N13659_S22_L001_R1_001.fastq.gz	@A00987:644:HCNWNDSX7:1:1101:1136:1016
data/fastqs/LCWG_Novoseq_LOSH_Plate2/22N13659_S22_L001_R2_001.fastq.gz	@A00987:644:HCNWNDSX7:1:1101:1136:1016
data/fastqs/LCWG_Novoseq_LOSH_Plate2/22N13668_S23_L001_R1_001.fastq.gz	@A00987:644:HCNWNDSX7:1:1101:1533:1016
data/fastqs/LCWG_Novoseq_LOSH_Plate2/22N13668_S23_L001_R2_001.fastq.gz	@A00987:644:HCNWNDSX7:1:1101:1533:1016
data/fastqs/LCWG_Novoseq_LOSH_Plate2/22N13670_S24_L001_R1_001.fastq.gz	@A00987:644:HCNWNDSX7:1:1101:2817:1016
data/fastqs/LCWG_Novoseq_LOSH_Plate2/22N13670_S24_L001_R2_001.fastq.gz	@A00987:644:HCNWNDSX7:1:1101:2817:1016
data/fastqs/LCWG_Novoseq_LOSH_Plate2/22N13671_S25_L001_R1_001.fastq.gz	@A00987:644:HCNWNDSX7:1:1101:2546:1016
data/fastqs/LCWG_Novoseq_LOSH_Plate2/22N13671_S25_L001_R2_001.fastq.gz	@A00987:644:HCNWNDSX7:1:1101:2546:1016
data/fastqs/LCWG_Novoseq_LOSH_Plate2/22N13672_S26_L001_R1_001.fastq.gz	@A00987:644:HCNWNDSX7:1:1101:1570:1016
data/fastqs/LCWG_Novoseq_LOSH_Plate2/22N13672_S26_L001_R2_001.fastq.gz	@A00987:644:HCNWNDSX7:1:1101:1570:1016
data/fastqs/LCWG_Novoseq_LOSH_Plate2/22N13674_S27_L001_R1_001.fastq.gz	@A00987:644:HCNWNDSX7:1:1101:1805:1016
data/fastqs/LCWG_Novoseq_LOSH_Plate2/22N13674_S27_L001_R2_001.fastq.gz	@A00987:644:HCNWNDSX7:1:1101:1805:1016
data/fastqs/LCWG_Novoseq_LOSH_Plate2/22N13675_S28_L001_R1_001.fastq.gz	@A00987:644:HCNWNDSX7:1:1101:1985:1016
data/fastqs/LCWG_Novoseq_LOSH_Plate2/22N13675_S28_L001_R2_001.fastq.gz	@A00987:644:HCNWNDSX7:1:1101:1985:1016
data/fastqs/LCWG_Novoseq_LOSH_Plate2/22N13676_S29_L001_R1_001.fastq.gz	@A00987:644:HCNWNDSX7:1:1101:4535:1016
data/fastqs/LCWG_Novoseq_LOSH_Plate2/22N13676_S29_L001_R2_001.fastq.gz	@A00987:644:HCNWNDSX7:1:1101:4535:1016
data/fastqs/LCWG_Novoseq_LOSH_Plate2/22N13677_S30_L001_R1_001.fastq.gz	@A00987:644:HCNWNDSX7:1:1101:1461:1016
data/fastqs/LCWG_Novoseq_LOSH_Plate2/22N13677_S30_L001_R2_001.fastq.gz	@A00987:644:HCNWNDSX7:1:1101:1461:1016
data/fastqs/LCWG_Novoseq_LOSH_Plate2/22N13681_S31_L001_R1_001.fastq.gz	@A00987:644:HCNWNDSX7:1:1101:1588:1016
data/fastqs/LCWG_Novoseq_LOSH_Plate2/22N13681_S31_L001_R2_001.fastq.gz	@A00987:644:HCNWNDSX7:1:1101:1588:1016
data/fastqs/LCWG_Novoseq_LOSH_Plate2/22N13683_S32_L001_R1_001.fastq.gz	@A00987:644:HCNWNDSX7:1:1101:3088:1016
data/fastqs/LCWG_Novoseq_LOSH_Plate2/22N13683_S32_L001_R2_001.fastq.gz	@A00987:644:HCNWNDSX7:1:1101:3088:1016
data/fastqs/LCWG_Novoseq_LOSH_Plate2/22N13696_S33_L001_R1_001.fastq.gz	@A00987:644:HCNWNDSX7:1:1101:12111:1016
data/fastqs/LCWG_Novoseq_LOSH_Plate2/22N13696_S33_L001_R2_001.fastq.gz	@A00987:644:HCNWNDSX7:1:1101:12111:1016
data/fastqs/LCWG_Novoseq_LOSH_Plate2/22N13698_S34_L001_R1_001.fastq.gz	@A00987:644:HCNWNDSX7:1:1101:4119:1016
data/fastqs/LCWG_Novoseq_LOSH_Plate2/22N13698_S34_L001_R2_001.fastq.gz	@A00987:644:HCNWNDSX7:1:1101:4119:1016
data/fastqs/LCWG_Novoseq_LOSH_Plate2/22N13699_S35_L001_R1_001.fastq.gz	@A00987:644:HCNWNDSX7:1:1101:1859:1016
data/fastqs/LCWG_Novoseq_LOSH_Plate2/22N13699_S35_L001_R2_001.fastq.gz	@A00987:644:HCNWNDSX7:1:1101:1859:1016
data/fastqs/LCWG_Novoseq_LOSH_Plate2/22N13717_S36_L001_R1_001.fastq.gz	@A00987:644:HCNWNDSX7:1:1101:2148:1016
data/fastqs/LCWG_Novoseq_LOSH_Plate2/22N13717_S36_L001_R2_001.fastq.gz	@A00987:644:HCNWNDSX7:1:1101:2148:1016
data/fastqs/LCWG_Novoseq_LOSH_Plate2/22N13719_S37_L001_R1_001.fastq.gz	@A00987:644:HCNWNDSX7:1:1101:2926:1016
data/fastqs/LCWG_Novoseq_LOSH_Plate2/22N13719_S37_L001_R2_001.fastq.gz	@A00987:644:HCNWNDSX7:1:1101:2926:1016
data/fastqs/LCWG_Novoseq_LOSH_Plate2/22N13723_S38_L001_R1_001.fastq.gz	@A00987:644:HCNWNDSX7:1:1101:2293:1016
data/fastqs/LCWG_Novoseq_LOSH_Plate2/22N13723_S38_L001_R2_001.fastq.gz	@A00987:644:HCNWNDSX7:1:1101:2293:1016
data/fastqs/LCWG_Novoseq_LOSH_Plate2/22N13730_S39_L001_R1_001.fastq.gz	@A00987:644:HCNWNDSX7:1:1101:1118:1016
data/fastqs/LCWG_Novoseq_LOSH_Plate2/22N13730_S39_L001_R2_001.fastq.gz	@A00987:644:HCNWNDSX7:1:1101:1118:1016
data/fastqs/LCWG_Novoseq_LOSH_Plate2/22N13732_S40_L001_R1_001.fastq.gz	@A00987:644:HCNWNDSX7:1:1101:1425:1016
data/fastqs/LCWG_Novoseq_LOSH_Plate2/22N13732_S40_L001_R2_001.fastq.gz	@A00987:644:HCNWNDSX7:1:1101:1425:1016
data/fastqs/LCWG_Novoseq_LOSH_Plate2/22N13735_S41_L001_R1_001.fastq.gz	@A00987:644:HCNWNDSX7:1:1101:2329:1016
data/fastqs/LCWG_Novoseq_LOSH_Plate2/22N13735_S41_L001_R2_001.fastq.gz	@A00987:644:HCNWNDSX7:1:1101:2329:1016
data/fastqs/LCWG_Novoseq_LOSH_Plate2/22N13737_S42_L001_R1_001.fastq.gz	@A00987:644:HCNWNDSX7:1:1101:4083:1016
data/fastqs/LCWG_Novoseq_LOSH_Plate2/22N13737_S42_L001_R2_001.fastq.gz	@A00987:644:HCNWNDSX7:1:1101:4083:1016
data/fastqs/LCWG_Novoseq_LOSH_Plate2/22N13745_S43_L001_R1_001.fastq.gz	@A00987:644:HCNWNDSX7:1:1101:3360:1016
data/fastqs/LCWG_Novoseq_LOSH_Plate2/22N13745_S43_L001_R2_001.fastq.gz	@A00987:644:HCNWNDSX7:1:1101:3360:1016
data/fastqs/LCWG_Novoseq_LOSH_Plate2/22N13747_S44_L001_R1_001.fastq.gz	@A00987:644:HCNWNDSX7:1:1101:1280:1016
data/fastqs/LCWG_Novoseq_LOSH_Plate2/22N13747_S44_L001_R2_001.fastq.gz	@A00987:644:HCNWNDSX7:1:1101:1280:1016
data/fastqs/LCWG_Novoseq_LOSH_Plate2/22N13748_S45_L001_R1_001.fastq.gz	@A00987:644:HCNWNDSX7:1:1101:8513:1016
data/fastqs/LCWG_Novoseq_LOSH_Plate2/22N13748_S45_L001_R2_001.fastq.gz	@A00987:644:HCNWNDSX7:1:1101:8513:1016
data/fastqs/LCWG_Novoseq_LOSH_Plate2/22N13750_S46_L001_R1_001.fastq.gz	@A00987:644:HCNWNDSX7:1:1101:5403:1016
data/fastqs/LCWG_Novoseq_LOSH_Plate2/22N13750_S46_L001_R2_001.fastq.gz	@A00987:644:HCNWNDSX7:1:1101:5403:1016
data/fastqs/LCWG_Novoseq_LOSH_Plate2/22N13752_S47_L001_R1_001.fastq.gz	@A00987:644:HCNWNDSX7:1:1101:4553:1016
data/fastqs/LCWG_Novoseq_LOSH_Plate2/22N13752_S47_L001_R2_001.fastq.gz	@A00987:644:HCNWNDSX7:1:1101:4553:1016
data/fastqs/LCWG_Novoseq_LOSH_Plate2/22N13755_S48_L001_R1_001.fastq.gz	@A00987:644:HCNWNDSX7:1:1101:1099:1016
data/fastqs/LCWG_Novoseq_LOSH_Plate2/22N13755_S48_L001_R2_001.fastq.gz	@A00987:644:HCNWNDSX7:1:1101:1099:1016
data/fastqs/LCWG_Novoseq_LOSH_Plate2/22N13756_S49_L001_R1_001.fastq.gz	@A00987:644:HCNWNDSX7:1:1101:2962:1016
data/fastqs/LCWG_Novoseq_LOSH_Plate2/22N13756_S49_L001_R2_001.fastq.gz	@A00987:644:HCNWNDSX7:1:1101:2962:1016
data/fastqs/LCWG_Novoseq_LOSH_Plate2/22N13757_S50_L001_R1_001.fastq.gz	@A00987:644:HCNWNDSX7:1:1101:6759:1016
data/fastqs/LCWG_Novoseq_LOSH_Plate2/22N13757_S50_L001_R2_001.fastq.gz	@A00987:644:HCNWNDSX7:1:1101:6759:1016
data/fastqs/LCWG_Novoseq_LOSH_Plate2/22N13759_S51_L001_R1_001.fastq.gz	@A00987:644:HCNWNDSX7:1:1101:4155:1016
data/fastqs/LCWG_Novoseq_LOSH_Plate2/22N13759_S51_L001_R2_001.fastq.gz	@A00987:644:HCNWNDSX7:1:1101:4155:1016
data/fastqs/LCWG_Novoseq_LOSH_Plate2/22N13763_S52_L001_R1_001.fastq.gz	@A00987:644:HCNWNDSX7:1:1101:7826:1016
data/fastqs/LCWG_Novoseq_LOSH_Plate2/22N13763_S52_L001_R2_001.fastq.gz	@A00987:644:HCNWNDSX7:1:1101:7826:1016
data/fastqs/LCWG_Novoseq_LOSH_Plate2/22N13764_S53_L001_R1_001.fastq.gz	@A00987:644:HCNWNDSX7:1:1101:10592:1016
data/fastqs/LCWG_Novoseq_LOSH_Plate2/22N13764_S53_L001_R2_001.fastq.gz	@A00987:644:HCNWNDSX7:1:1101:10592:1016
data/fastqs/LCWG_Novoseq_LOSH_Plate2/22N13765_S54_L001_R1_001.fastq.gz	@A00987:644:HCNWNDSX7:1:1101:1877:1016
data/fastqs/LCWG_Novoseq_LOSH_Plate2/22N13765_S54_L001_R2_001.fastq.gz	@A00987:644:HCNWNDSX7:1:1101:1877:1016
data/fastqs/LCWG_Novoseq_LOSH_Plate2/22N13768_S55_L001_R1_001.fastq.gz	@A00987:644:HCNWNDSX7:1:1101:1624:1016
data/fastqs/LCWG_Novoseq_LOSH_Plate2/22N13768_S55_L001_R2_001.fastq.gz	@A00987:644:HCNWNDSX7:1:1101:1624:1016
data/fastqs/LCWG_Novoseq_LOSH_Plate2/22N13770_S56_L001_R1_001.fastq.gz	@A00987:644:HCNWNDSX7:1:1101:4915:1016
data/fastqs/LCWG_Novoseq_LOSH_Plate2/22N13770_S56_L001_R2_001.fastq.gz	@A00987:644:HCNWNDSX7:1:1101:4915:1016
data/fastqs/LCWG_Novoseq_LOSH_Plate2/22N13771_S57_L001_R1_001.fastq.gz	@A00987:644:HCNWNDSX7:1:1101:10845:1016
data/fastqs/LCWG_Novoseq_LOSH_Plate2/22N13771_S57_L001_R2_001.fastq.gz	@A00987:644:HCNWNDSX7:1:1101:10845:1016
data/fastqs/LCWG_Novoseq_LOSH_Plate2/22N13772_S58_L001_R1_001.fastq.gz	@A00987:644:HCNWNDSX7:1:1101:1316:1016
data/fastqs/LCWG_Novoseq_LOSH_Plate2/22N13772_S58_L001_R2_001.fastq.gz	@A00987:644:HCNWNDSX7:1:1101:1316:1016
data/fastqs/LCWG_Novoseq_LOSH_Plate2/22N13776_S59_L001_R1_001.fastq.gz	@A00987:644:HCNWNDSX7:1:1101:11225:1016
data/fastqs/LCWG_Novoseq_LOSH_Plate2/22N13776_S59_L001_R2_001.fastq.gz	@A00987:644:HCNWNDSX7:1:1101:11225:1016
data/fastqs/LCWG_Novoseq_LOSH_Plate2/22N13777_S60_L001_R1_001.fastq.gz	@A00987:644:HCNWNDSX7:1:1101:5529:1016
data/fastqs/LCWG_Novoseq_LOSH_Plate2/22N13777_S60_L001_R2_001.fastq.gz	@A00987:644:HCNWNDSX7:1:1101:5529:1016
data/fastqs/LCWG_Novoseq_LOSH_Plate2/22N13780_S61_L001_R1_001.fastq.gz	@A00987:644:HCNWNDSX7:1:1101:1660:1016
data/fastqs/LCWG_Novoseq_LOSH_Plate2/22N13780_S61_L001_R2_001.fastq.gz	@A00987:644:HCNWNDSX7:1:1101:1660:1016
data/fastqs/LCWG_Novoseq_LOSH_Plate2/22N13786_S62_L001_R1_001.fastq.gz	@A00987:644:HCNWNDSX7:1:1101:2871:1016
data/fastqs/LCWG_Novoseq_LOSH_Plate2/22N13786_S62_L001_R2_001.fastq.gz	@A00987:644:HCNWNDSX7:1:1101:2871:1016
data/fastqs/LCWG_Novoseq_LOSH_Plate2/22N13788_S63_L001_R1_001.fastq.gz	@A00987:644:HCNWNDSX7:1:1101:5367:1016
data/fastqs/LCWG_Novoseq_LOSH_Plate2/22N13788_S63_L001_R2_001.fastq.gz	@A00987:644:HCNWNDSX7:1:1101:5367:1016
data/fastqs/LCWG_Novoseq_LOSH_Plate2/22N13790_S64_L001_R1_001.fastq.gz	@A00987:644:HCNWNDSX7:1:1101:1154:1016
data/fastqs/LCWG_Novoseq_LOSH_Plate2/22N13790_S64_L001_R2_001.fastq.gz	@A00987:644:HCNWNDSX7:1:1101:1154:1016
data/fastqs/LCWG_Novoseq_LOSH_Plate2/22N13798_S65_L001_R1_001.fastq.gz	@A00987:644:HCNWNDSX7:1:1101:3016:1016
data/fastqs/LCWG_Novoseq_LOSH_Plate2/22N13798_S65_L001_R2_001.fastq.gz	@A00987:644:HCNWNDSX7:1:1101:3016:1016
data/fastqs/LCWG_Novoseq_LOSH_Plate2/22N13800_S66_L001_R1_001.fastq.gz	@A00987:644:HCNWNDSX7:1:1101:1443:1016
data/fastqs/LCWG_Novoseq_LOSH_Plate2/22N13800_S66_L001_R2_001.fastq.gz	@A00987:644:HCNWNDSX7:1:1101:1443:1016
data/fastqs/LCWG_Novoseq_LOSH_Plate2/22N13811_S67_L001_R1_001.fastq.gz	@A00987:644:HCNWNDSX7:1:1101:1208:1016
data/fastqs/LCWG_Novoseq_LOSH_Plate2/22N13811_S67_L001_R2_001.fastq.gz	@A00987:644:HCNWNDSX7:1:1101:1208:1016
data/fastqs/LCWG_Novoseq_LOSH_Plate2/22N13812_S68_L001_R1_001.fastq.gz	@A00987:644:HCNWNDSX7:1:1101:1551:1016
data/fastqs/LCWG_Novoseq_LOSH_Plate2/22N13812_S68_L001_R2_001.fastq.gz	@A00987:644:HCNWNDSX7:1:1101:1551:1016
data/fastqs/LCWG_Novoseq_LOSH_Plate2/22N13813_S69_L001_R1_001.fastq.gz	@A00987:644:HCNWNDSX7:1:1101:1642:1016
data/fastqs/LCWG_Novoseq_LOSH_Plate2/22N13813_S69_L001_R2_001.fastq.gz	@A00987:644:HCNWNDSX7:1:1101:1642:1016
data/fastqs/LCWG_Novoseq_LOSH_Plate2/22N13814_S70_L001_R1_001.fastq.gz	@A00987:644:HCNWNDSX7:1:1101:6686:1016
data/fastqs/LCWG_Novoseq_LOSH_Plate2/22N13814_S70_L001_R2_001.fastq.gz	@A00987:644:HCNWNDSX7:1:1101:6686:1016
data/fastqs/LCWG_Novoseq_LOSH_Plate2/22N13815_S71_L001_R1_001.fastq.gz	@A00987:644:HCNWNDSX7:1:1101:2672:1016
data/fastqs/LCWG_Novoseq_LOSH_Plate2/22N13815_S71_L001_R2_001.fastq.gz	@A00987:644:HCNWNDSX7:1:1101:2672:1016
data/fastqs/LCWG_Novoseq_LOSH_Plate2/22N13816_S72_L001_R1_001.fastq.gz	@A00987:644:HCNWNDSX7:1:1101:2275:1016
data/fastqs/LCWG_Novoseq_LOSH_Plate2/22N13816_S72_L001_R2_001.fastq.gz	@A00987:644:HCNWNDSX7:1:1101:2275:1016
data/fastqs/LCWG_Novoseq_LOSH_Plate2/22N13817_S73_L001_R1_001.fastq.gz	@A00987:644:HCNWNDSX7:1:1101:1226:1016
data/fastqs/LCWG_Novoseq_LOSH_Plate2/22N13817_S73_L001_R2_001.fastq.gz	@A00987:644:HCNWNDSX7:1:1101:1226:1016
data/fastqs/LCWG_Novoseq_LOSH_Plate2/22N13818_S74_L001_R1_001.fastq.gz	@A00987:644:HCNWNDSX7:1:1101:2437:1016
data/fastqs/LCWG_Novoseq_LOSH_Plate2/22N13818_S74_L001_R2_001.fastq.gz	@A00987:644:HCNWNDSX7:1:1101:2437:1016
data/fastqs/LCWG_Novoseq_LOSH_Plate2/22N13819_S75_L001_R1_001.fastq.gz	@A00987:644:HCNWNDSX7:1:1101:1678:1016
data/fastqs/LCWG_Novoseq_LOSH_Plate2/22N13819_S75_L001_R2_001.fastq.gz	@A00987:644:HCNWNDSX7:1:1101:1678:1016
data/fastqs/LCWG_Novoseq_LOSH_Plate2/22N13820_S76_L001_R1_001.fastq.gz	@A00987:644:HCNWNDSX7:1:1101:4499:1016
data/fastqs/LCWG_Novoseq_LOSH_Plate2/22N13820_S76_L001_R2_001.fastq.gz	@A00987:644:HCNWNDSX7:1:1101:4499:1016
data/fastqs/LCWG_Novoseq_LOSH_Plate2/22N13821_S77_L001_R1_001.fastq.gz	@A00987:644:HCNWNDSX7:1:1101:5258:1016
data/fastqs/LCWG_Novoseq_LOSH_Plate2/22N13821_S77_L001_R2_001.fastq.gz	@A00987:644:HCNWNDSX7:1:1101:5258:1016
data/fastqs/LCWG_Novoseq_LOSH_Plate2/22N13822_S78_L001_R1_001.fastq.gz	@A00987:644:HCNWNDSX7:1:1101:5927:1016
data/fastqs/LCWG_Novoseq_LOSH_Plate2/22N13822_S78_L001_R2_001.fastq.gz	@A00987:644:HCNWNDSX7:1:1101:5927:1016
data/fastqs/LCWG_Novoseq_LOSH_Plate2/22N13823_S79_L001_R1_001.fastq.gz	@A00987:644:HCNWNDSX7:1:1101:10013:1016
data/fastqs/LCWG_Novoseq_LOSH_Plate2/22N13823_S79_L001_R2_001.fastq.gz	@A00987:644:HCNWNDSX7:1:1101:10013:1016
data/fastqs/LCWG_Novoseq_LOSH_Plate2/22N13824_S80_L001_R1_001.fastq.gz	@A00987:644:HCNWNDSX7:1:1101:2600:1016
data/fastqs/LCWG_Novoseq_LOSH_Plate2/22N13824_S80_L001_R2_001.fastq.gz	@A00987:644:HCNWNDSX7:1:1101:2600:1016
data/fastqs/LCWG_Novoseq_LOSH_Plate2/22N13825_S81_L001_R1_001.fastq.gz	@A00987:644:HCNWNDSX7:1:1101:1696:1016
data/fastqs/LCWG_Novoseq_LOSH_Plate2/22N13825_S81_L001_R2_001.fastq.gz	@A00987:644:HCNWNDSX7:1:1101:1696:1016
data/fastqs/LCWG_Novoseq_LOSH_Plate2/22N13829_S82_L001_R1_001.fastq.gz	@A00987:644:HCNWNDSX7:1:1101:5909:1016
data/fastqs/LCWG_Novoseq_LOSH_Plate2/22N13829_S82_L001_R2_001.fastq.gz	@A00987:644:HCNWNDSX7:1:1101:5909:1016
data/fastqs/LCWG_Novoseq_LOSH_Plate2/22N13833_S83_L001_R1_001.fastq.gz	@A00987:644:HCNWNDSX7:1:1101:31458:1016
data/fastqs/LCWG_Novoseq_LOSH_Plate2/22N13833_S83_L001_R2_001.fastq.gz	@A00987:644:HCNWNDSX7:1:1101:31458:1016
data/fastqs/LCWG_Novoseq_LOSH_Plate2/22N13837_S84_L001_R1_001.fastq.gz	@A00987:644:HCNWNDSX7:1:1101:1298:1016
data/fastqs/LCWG_Novoseq_LOSH_Plate2/22N13837_S84_L001_R2_001.fastq.gz	@A00987:644:HCNWNDSX7:1:1101:1298:1016
data/fastqs/LCWG_Novoseq_LOSH_Plate2/22N13838_S85_L001_R1_001.fastq.gz	@A00987:644:HCNWNDSX7:1:1101:1931:1016
data/fastqs/LCWG_Novoseq_LOSH_Plate2/22N13838_S85_L001_R2_001.fastq.gz	@A00987:644:HCNWNDSX7:1:1101:1931:1016
data/fastqs/LCWG_Novoseq_LOSH_Plate2/22N13839_S86_L001_R1_001.fastq.gz	@A00987:644:HCNWNDSX7:1:1101:1027:1016
data/fastqs/LCWG_Novoseq_LOSH_Plate2/22N13839_S86_L001_R2_001.fastq.gz	@A00987:644:HCNWNDSX7:1:1101:1027:1016
data/fastqs/LCWG_Novoseq_LOSH_Plate2/22N13840_S87_L001_R1_001.fastq.gz	@A00987:644:HCNWNDSX7:1:1101:1244:1016
data/fastqs/LCWG_Novoseq_LOSH_Plate2/22N13840_S87_L001_R2_001.fastq.gz	@A00987:644:HCNWNDSX7:1:1101:1244:1016
data/fastqs/LCWG_Novoseq_LOSH_Plate2/22N13843_S88_L001_R1_001.fastq.gz	@A00987:644:HCNWNDSX7:1:1101:1823:1016
data/fastqs/LCWG_Novoseq_LOSH_Plate2/22N13843_S88_L001_R2_001.fastq.gz	@A00987:644:HCNWNDSX7:1:1101:1823:1016
data/fastqs/LCWG_Novoseq_LOSH_Plate2/22N13844_S89_L001_R1_001.fastq.gz	@A00987:644:HCNWNDSX7:1:1101:4318:1016
data/fastqs/LCWG_Novoseq_LOSH_Plate2/22N13844_S89_L001_R2_001.fastq.gz	@A00987:644:HCNWNDSX7:1:1101:4318:1016
data/fastqs/LCWG_Novoseq_LOSH_Plate2/22N13845_S90_L001_R1_001.fastq.gz	@A00987:644:HCNWNDSX7:1:1101:3902:1016
data/fastqs/LCWG_Novoseq_LOSH_Plate2/22N13845_S90_L001_R2_001.fastq.gz	@A00987:644:HCNWNDSX7:1:1101:3902:1016
data/fastqs/LCWG_Novoseq_LOSH_Plate2/22N13846_S91_L001_R1_001.fastq.gz	@A00987:644:HCNWNDSX7:1:1101:2130:1016
data/fastqs/LCWG_Novoseq_LOSH_Plate2/22N13846_S91_L001_R2_001.fastq.gz	@A00987:644:HCNWNDSX7:1:1101:2130:1016
data/fastqs/LCWG_Novoseq_LOSH_Plate2/22N13847_S92_L001_R1_001.fastq.gz	@A00987:644:HCNWNDSX7:1:1101:4408:1016
data/fastqs/LCWG_Novoseq_LOSH_Plate2/22N13847_S92_L001_R2_001.fastq.gz	@A00987:644:HCNWNDSX7:1:1101:4408:1016
data/fastqs/LCWG_Novoseq_LOSH_Plate2/22N13848_S93_L001_R1_001.fastq.gz	@A00987:644:HCNWNDSX7:1:1101:3739:1016
data/fastqs/LCWG_Novoseq_LOSH_Plate2/22N13848_S93_L001_R2_001.fastq.gz	@A00987:644:HCNWNDSX7:1:1101:3739:1016
data/fastqs/LCWG_Novoseq_LOSH_Plate2/22N13849_S94_L001_R1_001.fastq.gz	@A00987:644:HCNWNDSX7:1:1101:3956:1016
data/fastqs/LCWG_Novoseq_LOSH_Plate2/22N13849_S94_L001_R2_001.fastq.gz	@A00987:644:HCNWNDSX7:1:1101:3956:1016
data/fastqs/LCWG_Novoseq_LOSH_Plate2/22N13850_S95_L001_R1_001.fastq.gz	@A00987:644:HCNWNDSX7:1:1101:3522:1016
data/fastqs/LCWG_Novoseq_LOSH_Plate2/22N13850_S95_L001_R2_001.fastq.gz	@A00987:644:HCNWNDSX7:1:1101:3522:1016
data/fastqs/LCWG_Novoseq_LOSH_Plate2/22N13851_S96_L001_R1_001.fastq.gz	@A00987:644:HCNWNDSX7:1:1101:3848:1016
data/fastqs/LCWG_Novoseq_LOSH_Plate2/22N13851_S96_L001_R2_001.fastq.gz	@A00987:644:HCNWNDSX7:1:1101:3848:1016
data/fastqs/LCWG_Novoseq_LOSH_Plate2/22N13852_S97_L001_R1_001.fastq.gz	@A00987:644:HCNWNDSX7:1:1101:1262:1016
data/fastqs/LCWG_Novoseq_LOSH_Plate2/22N13852_S97_L001_R2_001.fastq.gz	@A00987:644:HCNWNDSX7:1:1101:1262:1016
data/fastqs/LCWG_Novoseq_LOSH_Plate2/22N13853_S98_L001_R1_001.fastq.gz	@A00987:644:HCNWNDSX7:1:1101:1063:1016
data/fastqs/LCWG_Novoseq_LOSH_Plate2/22N13853_S98_L001_R2_001.fastq.gz	@A00987:644:HCNWNDSX7:1:1101:1063:1016
data/fastqs/LCWG_Novoseq_LOSH_Plate2/22N13854_S99_L001_R1_001.fastq.gz	@A00987:644:HCNWNDSX7:1:1101:2419:1016
data/fastqs/LCWG_Novoseq_LOSH_Plate2/22N13854_S99_L001_R2_001.fastq.gz	@A00987:644:HCNWNDSX7:1:1101:2419:1016
data/fastqs/LCWG_Novoseq_LOSH_Plate2/22N13856_S100_L001_R1_001.fastq.gz	@A00987:644:HCNWNDSX7:1:1101:2456:1016
data/fastqs/LCWG_Novoseq_LOSH_Plate2/22N13856_S100_L001_R2_001.fastq.gz	@A00987:644:HCNWNDSX7:1:1101:2456:1016
data/fastqs/LCWG_Novoseq_LOSH_Plate2/22N13857_S101_L001_R1_001.fastq.gz	@A00987:644:HCNWNDSX7:1:1101:2003:1016
data/fastqs/LCWG_Novoseq_LOSH_Plate2/22N13857_S101_L001_R2_001.fastq.gz	@A00987:644:HCNWNDSX7:1:1101:2003:1016
data/fastqs/LCWG_Novoseq_LOSH_Plate4_Indiana/21N02082_S149_L004_R1_001.fastq.gz	@A02072:144:H7FMMDSXC:4:1101:1949:1016
data/fastqs/LCWG_Novoseq_LOSH_Plate4_Indiana/21N02082_S149_L004_R2_001.fastq.gz	@A02072:144:H7FMMDSXC:4:1101:1949:1016
data/fastqs/LCWG_Novoseq_LOSH_Plate4_Indiana/21N02084_S150_L004_R1_001.fastq.gz	@A02072:144:H7FMMDSXC:4:1101:1732:1016
data/fastqs/LCWG_Novoseq_LOSH_Plate4_Indiana/21N02084_S150_L004_R2_001.fastq.gz	@A02072:144:H7FMMDSXC:4:1101:1732:1016
data/fastqs/LCWG_Novoseq_LOSH_Plate4_Indiana/21N02085_S151_L004_R1_001.fastq.gz	@A02072:144:H7FMMDSXC:4:1101:2727:1016
data/fastqs/LCWG_Novoseq_LOSH_Plate4_Indiana/21N02085_S151_L004_R2_001.fastq.gz	@A02072:144:H7FMMDSXC:4:1101:2727:1016
data/fastqs/LCWG_Novoseq_LOSH_Plate4_Indiana/21N02096_S152_L004_R1_001.fastq.gz	@A02072:144:H7FMMDSXC:4:1101:3721:1016
data/fastqs/LCWG_Novoseq_LOSH_Plate4_Indiana/21N02096_S152_L004_R2_001.fastq.gz	@A02072:144:H7FMMDSXC:4:1101:3721:1016
data/fastqs/LCWG_Novoseq_LOSH_Plate4_Indiana/21N02098_S153_L004_R1_001.fastq.gz	@A02072:144:H7FMMDSXC:4:1101:7880:1016
data/fastqs/LCWG_Novoseq_LOSH_Plate4_Indiana/21N02098_S153_L004_R2_001.fastq.gz	@A02072:144:H7FMMDSXC:4:1101:7880:1016
data/fastqs/LCWG_Novoseq_LOSH_Plate4_Indiana/21N02101_S154_L004_R1_001.fastq.gz	@A02072:144:H7FMMDSXC:4:1101:3450:1016
data/fastqs/LCWG_Novoseq_LOSH_Plate4_Indiana/21N02101_S154_L004_R2_001.fastq.gz	@A02072:144:H7FMMDSXC:4:1101:3450:1016
data/fastqs/LCWG_Novoseq_LOSH_Plate4_Indiana/21N02102_S155_L004_R1_001.fastq.gz	@A02072:144:H7FMMDSXC:4:1101:5059:1016
data/fastqs/LCWG_Novoseq_LOSH_Plate4_Indiana/21N02102_S155_L004_R2_001.fastq.gz	@A02072:144:H7FMMDSXC:4:1101:5059:1016
data/fastqs/LCWG_Novoseq_LOSH_Plate4_Indiana/21N02105_S156_L004_R1_001.fastq.gz	@A02072:144:H7FMMDSXC:4:1101:1425:1016
data/fastqs/LCWG_Novoseq_LOSH_Plate4_Indiana/21N02105_S156_L004_R2_001.fastq.gz	@A02072:144:H7FMMDSXC:4:1101:1425:1016
data/fastqs/LCWG_Novoseq_LOSH_Plate4_Indiana/21N02109_S157_L004_R1_001.fastq.gz	@A02072:144:H7FMMDSXC:4:1101:1787:1016
data/fastqs/LCWG_Novoseq_LOSH_Plate4_Indiana/21N02109_S157_L004_R2_001.fastq.gz	@A02072:144:H7FMMDSXC:4:1101:1787:1016
data/fastqs/LCWG_Novoseq_LOSH_Plate4_Indiana/21N02110_S158_L004_R1_001.fastq.gz	@A02072:144:H7FMMDSXC:4:1101:3197:1016
data/fastqs/LCWG_Novoseq_LOSH_Plate4_Indiana/21N02110_S158_L004_R2_001.fastq.gz	@A02072:144:H7FMMDSXC:4:1101:3197:1016
data/fastqs/LCWG_Novoseq_LOSH_Plate4_Indiana/21N02111_S159_L004_R1_001.fastq.gz	@A02072:144:H7FMMDSXC:4:1101:1389:1016
data/fastqs/LCWG_Novoseq_LOSH_Plate4_Indiana/21N02111_S159_L004_R2_001.fastq.gz	@A02072:144:H7FMMDSXC:4:1101:1389:1016
data/fastqs/LCWG_Novoseq_LOSH_Plate4_Indiana/21N02112_S160_L004_R1_001.fastq.gz	@A02072:144:H7FMMDSXC:4:1101:1588:1016
data/fastqs/LCWG_Novoseq_LOSH_Plate4_Indiana/21N02112_S160_L004_R2_001.fastq.gz	@A02072:144:H7FMMDSXC:4:1101:1588:1016
data/fastqs/LCWG_Novoseq_LOSH_Plate4_Indiana/21N02117_S161_L004_R1_001.fastq.gz	@A02072:144:H7FMMDSXC:4:1101:1280:1016
data/fastqs/LCWG_Novoseq_LOSH_Plate4_Indiana/21N02117_S161_L004_R2_001.fastq.gz	@A02072:144:H7FMMDSXC:4:1101:1280:1016
data/fastqs/LCWG_Novoseq_LOSH_Plate4_Indiana/21N02119_S162_L004_R1_001.fastq.gz	@A02072:144:H7FMMDSXC:4:1101:2817:1016
data/fastqs/LCWG_Novoseq_LOSH_Plate4_Indiana/21N02119_S162_L004_R2_001.fastq.gz	@A02072:144:H7FMMDSXC:4:1101:2817:1016
data/fastqs/LCWG_Novoseq_LOSH_Plate4_Indiana/22N04609_S163_L004_R1_001.fastq.gz	@A02072:144:H7FMMDSXC:4:1101:3558:1016
data/fastqs/LCWG_Novoseq_LOSH_Plate4_Indiana/22N04609_S163_L004_R2_001.fastq.gz	@A02072:144:H7FMMDSXC:4:1101:3558:1016
data/fastqs/LCWG_Novoseq_LOSH_Plate4_Indiana/22N04613_S164_L004_R1_001.fastq.gz	@A02072:144:H7FMMDSXC:4:1101:5367:1016
data/fastqs/LCWG_Novoseq_LOSH_Plate4_Indiana/22N04613_S164_L004_R2_001.fastq.gz	@A02072:144:H7FMMDSXC:4:1101:5367:1016
data/fastqs/LCWG_Novoseq_LOSH_Plate4_Indiana/22N04618_S165_L004_R1_001.fastq.gz	@A02072:144:H7FMMDSXC:4:1101:1316:1016
data/fastqs/LCWG_Novoseq_LOSH_Plate4_Indiana/22N04618_S165_L004_R2_001.fastq.gz	@A02072:144:H7FMMDSXC:4:1101:1316:1016
data/fastqs/LCWG_Novoseq_LOSH_Plate4_Indiana/22N04619_S166_L004_R1_001.fastq.gz	@A02072:144:H7FMMDSXC:4:1101:1208:1016
data/fastqs/LCWG_Novoseq_LOSH_Plate4_Indiana/22N04619_S166_L004_R2_001.fastq.gz	@A02072:144:H7FMMDSXC:4:1101:1208:1016
data/fastqs/LCWG_Novoseq_LOSH_Plate4_Indiana/22N04620_S167_L004_R1_001.fastq.gz	@A02072:144:H7FMMDSXC:4:1101:5294:1016
data/fastqs/LCWG_Novoseq_LOSH_Plate4_Indiana/22N04620_S167_L004_R2_001.fastq.gz	@A02072:144:H7FMMDSXC:4:1101:5294:1016
data/fastqs/LCWG_Novoseq_LOSH_Plate4_Indiana/22N04621_S168_L004_R1_001.fastq.gz	@A02072:144:H7FMMDSXC:4:1101:3703:1016
data/fastqs/LCWG_Novoseq_LOSH_Plate4_Indiana/22N04621_S168_L004_R2_001.fastq.gz	@A02072:144:H7FMMDSXC:4:1101:3703:1016
data/fastqs/LCWG_Novoseq_LOSH_Plate4_Indiana/22N04622_S169_L004_R1_001.fastq.gz	@A02072:144:H7FMMDSXC:4:1101:1063:1016
data/fastqs/LCWG_Novoseq_LOSH_Plate4_Indiana/22N04622_S169_L004_R2_001.fastq.gz	@A02072:144:H7FMMDSXC:4:1101:1063:1016
data/fastqs/LCWG_Novoseq_LOSH_Plate4_Indiana/22N04624_S170_L004_R1_001.fastq.gz	@A02072:144:H7FMMDSXC:4:1101:2781:1016
data/fastqs/LCWG_Novoseq_LOSH_Plate4_Indiana/22N04624_S170_L004_R2_001.fastq.gz	@A02072:144:H7FMMDSXC:4:1101:2781:1016
data/fastqs/LCWG_Novoseq_LOSH_Plate4_Indiana/22N04625_S171_L004_R1_001.fastq.gz	@A02072:144:H7FMMDSXC:4:1101:2058:1016
data/fastqs/LCWG_Novoseq_LOSH_Plate4_Indiana/22N04625_S171_L004_R2_001.fastq.gz	@A02072:144:H7FMMDSXC:4:1101:2058:1016
data/fastqs/LCWG_Novoseq_LOSH_Plate4_Indiana/22N04627_S172_L004_R1_001.fastq.gz	@A02072:144:H7FMMDSXC:4:1101:1443:1016
data/fastqs/LCWG_Novoseq_LOSH_Plate4_Indiana/22N04627_S172_L004_R2_001.fastq.gz	@A02072:144:H7FMMDSXC:4:1101:1443:1016
data/fastqs/LCWG_Novoseq_LOSH_Plate4_Indiana/22N04630_S173_L004_R1_001.fastq.gz	@A02072:144:H7FMMDSXC:4:1101:3323:1016
data/fastqs/LCWG_Novoseq_LOSH_Plate4_Indiana/22N04630_S173_L004_R2_001.fastq.gz	@A02072:144:H7FMMDSXC:4:1101:3323:1016
data/fastqs/LCWG_Novoseq_LOSH_Plate4_Indiana/22N04632_S174_L004_R1_001.fastq.gz	@A02072:144:H7FMMDSXC:4:1101:1081:1016
data/fastqs/LCWG_Novoseq_LOSH_Plate4_Indiana/22N04632_S174_L004_R2_001.fastq.gz	@A02072:144:H7FMMDSXC:4:1101:1081:1016
data/fastqs/LCWG_Novoseq_LOSH_Plate4_Indiana/22N04633_S175_L004_R1_001.fastq.gz	@A02072:144:H7FMMDSXC:4:1101:1118:1016
data/fastqs/LCWG_Novoseq_LOSH_Plate4_Indiana/22N04633_S175_L004_R2_001.fastq.gz	@A02072:144:H7FMMDSXC:4:1101:1118:1016
data/fastqs/LCWG_Novoseq_LOSH_Plate4_Indiana/22N04634_S176_L004_R1_001.fastq.gz	@A02072:144:H7FMMDSXC:4:1101:3522:1016
data/fastqs/LCWG_Novoseq_LOSH_Plate4_Indiana/22N04634_S176_L004_R2_001.fastq.gz	@A02072:144:H7FMMDSXC:4:1101:3522:1016
data/fastqs/LCWG_Novoseq_LOSH_Plate4_Indiana/22N04635_S177_L004_R1_001.fastq.gz	@A02072:144:H7FMMDSXC:4:1101:2184:1016
data/fastqs/LCWG_Novoseq_LOSH_Plate4_Indiana/22N04635_S177_L004_R2_001.fastq.gz	@A02072:144:H7FMMDSXC:4:1101:2184:1016
data/fastqs/LCWG_Novoseq_LOSH_Plate4_Indiana/22N04636_S178_L004_R1_001.fastq.gz	@A02072:144:H7FMMDSXC:4:1101:2257:1016
data/fastqs/LCWG_Novoseq_LOSH_Plate4_Indiana/22N04636_S178_L004_R2_001.fastq.gz	@A02072:144:H7FMMDSXC:4:1101:2257:1016
data/fastqs/LCWG_Novoseq_LOSH_Plate4_Indiana/22N04639_S179_L004_R1_001.fastq.gz	@A02072:144:H7FMMDSXC:4:1101:1045:1016
data/fastqs/LCWG_Novoseq_LOSH_Plate4_Indiana/22N04639_S179_L004_R2_001.fastq.gz	@A02072:144:H7FMMDSXC:4:1101:1045:1016
data/fastqs/LCWG_Novoseq_LOSH_Plate4_Indiana/22N04641_S180_L004_R1_001.fastq.gz	@A02072:144:H7FMMDSXC:4:1101:3577:1016
data/fastqs/LCWG_Novoseq_LOSH_Plate4_Indiana/22N04641_S180_L004_R2_001.fastq.gz	@A02072:144:H7FMMDSXC:4:1101:3577:1016
data/fastqs/LCWG_Novoseq_LOSH_Plate4_Indiana/22N04643_S181_L004_R1_001.fastq.gz	@A02072:144:H7FMMDSXC:4:1101:2709:1016
data/fastqs/LCWG_Novoseq_LOSH_Plate4_Indiana/22N04643_S181_L004_R2_001.fastq.gz	@A02072:144:H7FMMDSXC:4:1101:2709:1016
data/fastqs/LCWG_Novoseq_LOSH_Plate4_Indiana/22N04652_S182_L004_R1_001.fastq.gz	@A02072:144:H7FMMDSXC:4:1101:1226:1016
data/fastqs/LCWG_Novoseq_LOSH_Plate4_Indiana/22N04652_S182_L004_R2_001.fastq.gz	@A02072:144:H7FMMDSXC:4:1101:1226:1016
data/fastqs/LCWG_Novoseq_LOSH_Plate4_Indiana/22N04654_S183_L004_R1_001.fastq.gz	@A02072:144:H7FMMDSXC:4:1101:1099:1016
data/fastqs/LCWG_Novoseq_LOSH_Plate4_Indiana/22N04654_S183_L004_R2_001.fastq.gz	@A02072:144:H7FMMDSXC:4:1101:1099:1016
data/fastqs/LCWG_Novoseq_LOSH_Plate4_Indiana/22N04656_S184_L004_R1_001.fastq.gz	@A02072:144:H7FMMDSXC:4:1101:1750:1016
data/fastqs/LCWG_Novoseq_LOSH_Plate4_Indiana/22N04656_S184_L004_R2_001.fastq.gz	@A02072:144:H7FMMDSXC:4:1101:1750:1016
data/fastqs/LCWG_Novoseq_LOSH_Plate4_Indiana/22N04658_S185_L004_R1_001.fastq.gz	@A02072:144:H7FMMDSXC:4:1101:1298:1016
data/fastqs/LCWG_Novoseq_LOSH_Plate4_Indiana/22N04658_S185_L004_R2_001.fastq.gz	@A02072:144:H7FMMDSXC:4:1101:1298:1016
data/fastqs/LCWG_Novoseq_LOSH_Plate4_Indiana/23N02915_S186_L004_R1_001.fastq.gz	@A02072:144:H7FMMDSXC:4:1101:1533:1016
data/fastqs/LCWG_Novoseq_LOSH_Plate4_Indiana/23N02915_S186_L004_R2_001.fastq.gz	@A02072:144:H7FMMDSXC:4:1101:1533:1016
data/fastqs/LCWG_Novoseq_LOSH_Plate4_Indiana/23N02916_S187_L004_R1_001.fastq.gz	@A02072:144:H7FMMDSXC:4:1101:5222:1016
data/fastqs/LCWG_Novoseq_LOSH_Plate4_Indiana/23N02916_S187_L004_R2_001.fastq.gz	@A02072:144:H7FMMDSXC:4:1101:5222:1016
data/fastqs/LCWG_Novoseq_LOSH_Plate4_Indiana/23N02920_S188_L004_R1_001.fastq.gz	@A02072:144:H7FMMDSXC:4:1101:1154:1016
data/fastqs/LCWG_Novoseq_LOSH_Plate4_Indiana/23N02920_S188_L004_R2_001.fastq.gz	@A02072:144:H7FMMDSXC:4:1101:1154:1016
data/fastqs/LCWG_Novoseq_LOSH_Plate4_Indiana/23N02922_S189_L004_R1_001.fastq.gz	@A02072:144:H7FMMDSXC:4:1101:2311:1016
data/fastqs/LCWG_Novoseq_LOSH_Plate4_Indiana/23N02922_S189_L004_R2_001.fastq.gz	@A02072:144:H7FMMDSXC:4:1101:2311:1016
data/fastqs/LCWG_Novoseq_LOSH_Plate4_Indiana/23N02924_S190_L004_R1_001.fastq.gz	@A02072:144:H7FMMDSXC:4:1101:1407:1016
data/fastqs/LCWG_Novoseq_LOSH_Plate4_Indiana/23N02924_S190_L004_R2_001.fastq.gz	@A02072:144:H7FMMDSXC:4:1101:1407:1016
